<text>
  <h1>Урок 4. Подстановки. Дополнение</h1>

  <h3>Определение 1</h3>
  <p>
    <b>Циклом</b> длины <i>l</i> называется такая подстановка &#960;, которая тождественна на всём множестве <i>X</i>, кроме подмножества  {<i>x<sub>1</sub></i>, <i>x<sub>2</sub></i>, ..., <i>x<sub>l</sub></i>} &#8712; <i>X</i> и
    &#960;(<i>x<sub>1</sub></i>) = <i>x<sub>2</sub></i>, &#960;(<i>x<sub>2</sub></i>) = <i>x<sub>3</sub></i>, ...,
    &#960;(<i>x<sub>l - 1</sub></i>) = <i>x<sub>l</sub></i>, &#960;(<i>x<sub>l</sub></i>) = <i>x<sub>1</sub></i>. Обозначается (<i>x<sub>1</sub></i> <i>x<sub>2</sub></i> ... <i>x<sub>l</sub></i>).
  </p>

  <h3>Утверждение</h3>
  <p>
    Любая подстановка раскладывается на композицию циклов. <br />
    <b>Алгоритм</b>: <br />
    <ol>
      <li>
        Добавляем к циклу данный элемент. Дальше добавляем образ данного элемента. Дальше образ образа и так далее.
      </li>
      <li>
        Если образ равен данному элементу, то цикл найден.
      </li>
      <li>
        Берем элемент, которого ещё нет в циклах и переходим к шагу 1.
      </li>
      <li>
        Если каждый элемент принадлежит какому-то циклу, то всё. Композиция всех этих циклов будет равна данной подстановке.
      </li>
    </ol>
  </p>

  <h3>Пример</h3>
  <p>
    <table style="display: inline;">
    <tr><td>
        <span style="font-size:2.5em;">( </span>
    </td><td>
        <table><tr><td>1 2 3 4 5 6</td></tr><tr><td>5 1 6 4 2 3</td></tr></table>
    </td><td>
        <span style="font-size:2.5em;">) </span>
  </td></tr></table> <span style="vertical-align: 15pt">= (1 5 2) (3 6) (4)</span> <br />
  Сначала мы возьмем 1, затем 5, затем 2. Дальше мы возьмем 3, 6. Потом 4, и больше ничего не останется. Циклы найдены.
  </p>

  <h3>Определение 2</h3>
  <p>
    <b>Транспозиция</b> — перестановка элементов множества <i>X</i>, которая меняет местами два элемента. Транспозиция является циклом длины 2.
  </p>
  <h3>Утверждение</h3>
  <p>
    Любой цикл расскладывается на композицию подстановок. <br />
    (<i>x<sub>1</sub></i> <i>x<sub>2</sub></i> ... <i>x<sub>l</sub></i>) = (<i>x<sub>1</sub></i> <i>x<sub>l</sub></i>) (<i>x<sub>1</sub></i> <i>x<sub>l - 1</sub></i>) ... (<i>x<sub>1</sub></i> <i>x<sub>2</sub></i>). Всего (<i>l - 1</i>) транспозиция <br />
    Будем перемножать по порядку: <br />
    (<i>x<sub>1</sub></i> <i>x<sub>l</sub></i>) (<i>x<sub>1</sub></i> <i>x<sub>l - 1</sub></i>) это (<i>x<sub>1</sub></i> <i>x<sub>l - 1</sub></i> <i>x<sub>l</sub></i>).
    И так далее. На каждом шаге будет получаться цикл из первого элемента и скольки-то последних.
  </p>
  <h3>Определение 3</h3>
  <p>
    <i>&#949;<sub>&#960;</sub></i> = (-1)<sup><i>t</i></sup>. Так определяется чётность подстановки &#960;, где <i>t</i> - количество транспозиций, на которые можно разложить подстановку. Количество транспозиций у подстановки может быть разное, но чётность получается всегда одна.
  </p>
  <p>
    Разложив подстановку на циклы, можно узнать её четность, сложив длины всех циклов и вычем их количество.
  </p>

  <h3>Свойства</h3>
  <p>
    <ol>
      <li>
        При композиции четности перемножаются.
      </li>
      <li>
        У обратной подстановки к &#960; четность равна четности &#960;.
      </li>
    </ol>
  </p>
</text>
