<text>
    <h1> Урок 1. Введение в Теорию Групп </h1>

    <h3>Определение 1</h3>
    <p>Отображение 	&#186; : G &#215; G &#8594; G называется <b>бинарной операцией</b> на множестве G.</p>

    <h3>Определение 2</h3>
    <p>
      <b>Ассоциати́вная опера́ция</b> — это бинарная операция &#186;, обладающая ассоциативностью (лат. associatio — соединение), или сочетательностью:

      <i>x &#186; (y &#186; z) = (x &#186; y) &#186; z</i> для любых элементов <i> x,y,z</i>.
    </p>

    <h3>Определение 3</h3>
    <p>
      <b>Полугруппа</b> в общей алгебре — множество с заданной на нём ассоциативной бинарной операцией (S, &#186;). Полугруппа с нейтральным элементом называется моноидом; любую полугруппу <i>S</i>, не содержащую нейтральный элемент, можно превратить в моноид, добавив к ней некоторый элемент <i>e</i> не из <i>S</i> и определив <i>e &#186; s = s &#186; e = s</i> для всех <i>s</i> из <i>S &#8746; {e}</i> полученный моноид обычно обозначается как <i>S<sup>1</sup></i>.

      Примеры полугрупп: натуральные числа с операцией сложения, множество всех отображений множества в себя с операцией композиции, множество всех слов над некоторым алфавитом с операцией конкатенации. Любая группа является также и полугруппой; Идеал кольца всегда является полугруппой относительно операции умножения.
    </p>

    <h3>Определение 4</h3>
    <p>
      Пусть <i>(M,&#186; )</i> — множество  <i>M</i> с определённой на нём бинарной операцией  &#186;. Пусть <i>x &#8712; M, y &#8712; M</i> — пара произвольных элементов множества <i>M</i>. Если справедливо равенство
      <i>x &#186; y=e</i>,
где <i>e &#8712; M</i> — нейтральный элемент относительно операции &#186;, то <i>y</i> называется правым <b>обратным</b> (обра́тным спра́ва) к <i>x</i>.
    </p>
    <p>
      Элемент  <i>y &#8712; M</i>, являющийся <b>обратным</b> к <i>x</i> и справа, и слева, то есть такой, что
     <i>x &#186; y=e = y &#186; x </i>,
называется просто обратным к <i>x</i> и обозначается <i>x<sup>-1</sup></i>.
    </p>

    <h3>Определение 5</h3>
    <p>
      <b>Гру́ппа</b> в математике — множество, на котором определена ассоциативная бинарная операция, причём для этой операции имеется нейтральный элемент (аналог единицы для умножения), и каждый элемент множества имеет обратный. Ветвь общей алгебры, занимающаяся группами, называется теорией групп.
    </p>

    <h3>Определение 6</h3>
    <p>
      <b>Коммутативная операция</b> — бинарная операция &#186;, обладающая свойством коммутативности (позднелат. commutativus — «меняющийся»), то есть свойством переместительности:
      <br /> <i>x &#186; y = y &#186; x </i> для любых элементов <i>x, y</i>. <br />
        В частности, если групповая операция является коммутативной, то группа называется <b>абелевой</b>.
    </p>

    <h3>Замечание</h3>
    <p>
      Обычно в абелевых группах операцию обозначают как +. Такое обозначение называется <b>адитивным</b>.
      А в обычных группах операцию обозначают как *, &#186; и так далее. Такое обозначение называется <b>мультипликативным</b>.
    </p>
</text>
