<text>
  <h1>Урок 5. Группы самосовмещений фигур</h1>
  <h3>Определение 1</h3>
  <p>
    <b>Самосовмещение</b> фигуры - такое движение пространства, что фигура переходит сама в себя. Формально, множество точек этой фигуры переходит в это же множество.
  </p>
  <p>
    Для конечных фигур(с конечным числом вершин) каждое самосовмещение можно сопоставить с подстановкой на множестве вершин фигуры, просто посмотрев, куда перейдет каждая вершина. <br />
    Из этого следует, что множество всех самосовмещений фигуры это группа.
    <ol>
      <li>
        композиция двух самосовмещений это самосовмещение
      </li>
      <li>
        тождественное движение плоскости является самосовмещением
      </li>
      <li>
        обратное движение к самосовмещению тоже самосовмещение
      </li>
    </ol>
    Из этого следует, что множество самосовмещений это подгруппа в группе подстановок, следовательно и группа.
  </p>
  <h3>Определение 2</h3>
  <p>
    <b>Диэдральная группа (группа диэдра)</b> — группа симметрии правильного многоугольника, включающая как вращения, так и осевые симметрии. Диэдральные группы являются простейшими примерами конечных групп и играют важную роль в теории групп, геометрии и химии.<br />
    Обозначается <i>D<sub>n</sub></i>.
  </p>
  <p>
      В группе <i>D<sub>n</sub></i> 2<i>n</i> элементов: <i>n</i> поворотов, <i>n</i> симметрий. <br />
      <span style="vertical-align: 15pt;">Все повороты на углы </span>
      <table style="display: inline;">
        <tr>
          <td>
            <i>2&#960; * i</i>
          </td>
        </tr>
        <tr>
          <td style="border-top-style: solid; border-top-color: black;" align="center">
            <i>n</i>
          </td>
        </tr>
      </table>
      <span style="vertical-align: 15pt;">, где <i>i</i> от 0 до <i>n</i> - 1</span>.
      Если <i>n</i> нечетное, то все симметрии, относительно прямой, проходящей через вершину и центр противоположного ребра. <br />
      <span style="vertical-align: 15pt">Если <i>n</i> четное, то </span>
      <table style="display: inline;">
        <tr>
          <td>
            <i>n</i>
          </td>
        </tr>
        <tr>
          <td style="border-top-style: solid; border-top-color: black;" align="center">
            2
          </td>
        </tr>
      </table>
      <span style="vertical-align: 15pt"> симметрий относительно прямых, проходящих через противоположные друг другу вершины, и </span>
      <table style="display: inline;">
        <tr>
          <td>
            <i>n</i>
          </td>
        </tr>
        <tr>
          <td style="border-top-style: solid; border-top-color: black;" align="center">
            2
          </td>
        </tr>
      </table>
      <span style="vertical-align: 15pt"> симметрий относительно прямых, проходящих через центры противпоположных ребер.</span>
   </p>
   <h3>Группы поворотов правильных многогранников</h3>
   <p>
     Правильные многогранники: тетраэдр, куб, октаэдр, додекаэдр и икосаэдр, тоже имеют свои группы самосовмещений. Принято рассматривать только повороты.
     Если рассматривать группы именно движений пространства, то групп 3, а если подстановки, то групп 5.
     <ol>
       <li>
         группа повотов тетраэдра
       </li>
       <li>
         группа поворотов куба и октаэдра, которые двойственны друг другу
       </li>
       <li>
         группа повоторов икосаэдра и додекаэдра, которые тоже двойственны друг другу
       </li>
     </ol>
     Ознакомиться с этими группами можно далее.
   </p>
</text>
