<text>
  <h1>Урок 3. Группа подстановок</h1>
  <h3>Определение 1</h3>
  <p>
    В теории групп под <b>перестановкой</b> произвольного множества подразумевается биекция(однозначное сопоставление элементов этого множества друг другу) этого множества на себя. Как синоним слову «перестановка» в этом смысле некоторые авторы используют слово <b>подстановка</b>. (Другие авторы подстановкой называют наглядный способ записи перестановки.)
  </p>
  <h3>Пример</h3>
  <p> <span style="vertical-align: 15pt"><i>P</i> = </span>
    <table style="display: inline;">
    <tr><td>
        <span style="font-size:2.5em;">( </span>
    </td><td>
        <table><tr><td>1 2 3</td></tr><tr><td>3 1 2</td></tr></table>
    </td><td>
        <span style="font-size:2.5em;">) </span>
    </td></tr></table> <span style="vertical-align: 15pt">- это биекция на множестве {1, 2, 3}, где 1 сопостваляется с 3, 2 сопоставляется с 1, и 3 сопоставляется с 2. То есть <i>P</i>(1) = 3, <i>P</i>(2) = 1, <i>P</i>(3) = 2.</span>.
  </p>

  <h3>Определение 2</h3>
  <p>
    <b>Композицией</b> (Перемножением) двух подстановок <i>P<sub>1</sub></i> и <i>P<sub>1</sub></i> длины <i>n</i> (отображающих множество {1, 2, ..., n} само в себя)
    называется подстановка вида   <table>
      <tr><td>
          <span style="font-size:2.5em;">( </span>
      </td><td>
          <table><tr><td align="center">1</td> <td align="center">
            2
          </td><td align="center">
            3
          </td></tr><tr><td><i>P<sub>1</sub></i>(<i>P<sub>2</sub></i>(1))</td><td><i>P<sub>1</sub></i>(<i>P<sub>2</sub></i>(2))</td>
          <td><i>P<sub>1</sub></i>(<i>P<sub>2</sub></i>(3))</td></tr></table>
      </td><td>
        ...
      </td><td>
        <table>
          <tr>
            <td align="center">
              n - 2
            </td>
            <td align="center">
              n - 1
            </td>
            <td align="center">
              n
            </td>
          </tr>
          <tr>
            <td>
              <i>P<sub>1</sub></i>(<i>P<sub>2</sub></i>(n - 2))
            </td>
            <td>
              <i>P<sub>1</sub></i>(<i>P<sub>2</sub></i>(n - 1))
            </td>
            <td>
              <i>P<sub>1</sub></i>(<i>P<sub>2</sub></i>(n))
            </td>
          </tr>
        </table>
      </td><td>
          <span style="font-size:2.5em;">) </span>
      </td></tr></table>
      То есть для любого <i>k</i> &#8712; {1, 2, 3, ..., n}, <i>k</i> сопоставляется с <i>P<sub>2</sub></i>(<i>k</i>), и дальше результ сопоставляется с <i>P<sub>1</sub></i>(<i>P<sub>2</sub></i>(<i>k</i>)). <br />
      Записывается как <i>P<sub>1</sub></i> &#186; <i>P<sub>2</sub></i>.
  </p>
  <h3>Пример композиции</h3>
  <p>
    <table style="display: inline;">
      <tr><td>
          <span style="font-size:2.5em;">( </span>
      </td><td>
          <table><tr><td>1 2 3 4</td></tr><tr><td>3 1 4 2</td></tr></table>
      </td><td>
          <span style="font-size:2.5em;">) </span>
      </td></tr></table> <span style="vertical-align: 15pt"> &#186; </span>
      <table style="display: inline;">
      <tr><td>
          <span style="font-size:2.5em;">( </span>
      </td><td>
          <table><tr><td>1 2 3 4</td></tr><tr><td>4 3 1 2</td></tr></table>
      </td><td>
          <span style="font-size:2.5em;">) </span>
    </td></tr></table> <span style="vertical-align: 15pt"> = </span>
    <table style="display: inline;">
    <tr><td>
        <span style="font-size:2.5em;">( </span>
    </td><td>
        <table><tr><td>1 2 3 4</td></tr><tr><td>2 4 3 1</td></tr></table>
    </td><td>
        <span style="font-size:2.5em;">) </span>
  </td></tr></table> <br />
    Можно записать:
    <table border="1">
      <tr>
        <th>
          <i>k</i>
        </th>
        <th>
          <i>P<sub>2</sub></i>(<i>k</i>)
        </th>
        <th>
          <i>P<sub>1</sub></i>(<i>P<sub>2</sub></i>(<i>k</i>))
        </th>
      </tr>
      <tr>
        <td align="center">
          1
        </td>
        <td align="center">
          4
        </td>
        <td align="center">
          2
        </td>
      </tr>
      <tr>
        <td align="center">
          2
        </td>
        <td align="center">
          3
        </td>
        <td align="center">
          4
        </td>
      </tr>
      <tr>
        <td align="center">
          3
        </td>
        <td align="center">
          1
        </td>
        <td align="center">
          3
        </td>
      </tr>
      <tr>
        <td align="center">
          4
        </td>
        <td align="center">
          2
        </td>
        <td align="center">
          1
        </td>
      </tr>
    </table>
  </p>

  <h3>Определение 3</h3>
  <p>
    <b>Тождественная перестановка</b> — перестановка <i>e</i>, которая каждый элемент x &#8712; X отображает в себя: <i>e(x)=x</i>.
  </p>
  <h3>Замечание</h3>
  <p>
    Композиция любой подстановки <i>P</i> и тождественной будет сново <i>P</i>.
  </p>
  <h3>Определение 4</h3>
  <p>
    <b>Обратной</b> подстановкой к подстановке <i>P</i> называется подстановка вида: нижняя строка это верхняя строка <i>P</i>, верхняя строка это нижняя строка <i>P</i>. <br />
    Композицией <i>P</i> и обратной к <i>P</i> будет тождественная подстановка. Записывается такая подстановка с отсортированной верхней строкой.

  </p>
  <h3>Замечание</h3>
  <p>
    Подстановки это группа по операции композиции. Композиция ассоциативна, так как <i>P<sub>1</sub></i> применить к <i>P<sub>2</sub></i>(<i>P<sub>3</sub></i>(k)) это тоже самое, что <i>P<sub>1</sub></i> &#186; <i>P<sub>2</sub></i> применить к <i>P<sub>3</sub></i>(k). <br />
    Нейтральный в этой группе это тождественная подстановка. Также к каждой подстановке есть обратная. <br />
    Эта группа обозначается как <i>S<sub>n</sub></i>.
  </p>
</text>
