<lessonstree>
    <comment>
        тэг table, visualisation лучше не трогать и оставлять как есть.
        у каждого листа должен быть тэг, и тэг может быть только у листов.
    </comment>
    <root name="Урок 1">
      <leaf tag="lesson1.xml" type="text">Введение</leaf>
      <leaf tag="test_lesson1.xml" type="test">Тест</leaf>
    </root>
    <root name="Урок 2">
      <leaf tag="lesson2.xml" type="text">Подгруппы</leaf>
      <leaf tag="test_lesson2.xml" type="test">Тест</leaf>
    </root>
    <root name="Урок 3">
      <leaf tag="lesson3.xml" type="text">Подстановки</leaf>
      <visualisation tag="Permutation Calculator">Калькулятор подстановок</visualisation>
      <leaf tag="test_lesson3.xml" type="test">Тест</leaf>
    </root>
    <root name="Урок 4">
      <leaf tag="lesson4.xml" type="text">Подстановки. Дополнение</leaf>
      <visualisation tag="Permutation Visualisation">Подстановки и циклы</visualisation>
      <leaf tag="test_lesson4.xml" type="test">Тест</leaf>
    </root>
    <root name="Урок 5">
      <leaf tag="lesson5.xml" type="text">Глава 5. Группы самосовмещений </leaf>
      <visualisation tag="VisualisationTetrahedron">Тетраэдр</visualisation>
      <visualisation tag="VisualisationCube">Куб</visualisation>
      <visualisation tag="VisualisationOctahedron">Октаэдр</visualisation>
      <visualisation tag="VisualisationIcosahedron">Икосаэдр</visualisation>
      <visualisation tag="VisualisationDodecahedron">Додекаэдр</visualisation>
      <visualisation tag="VisualisationPolygon">Многоугольник</visualisation>
    </root>
    <root name="Урок 6">
      <leaf tag="lessonTable.xml" type="text">Таблица Кэли. Теория </leaf>
      <table tag="Cayley Table">Таблица Кэли.Тест</table>
    </root>
    <root name="Информация">
      <leaf tag="Lit.xml" type="text"> Литература </leaf>
      <leaf tag="info.xml" type="text"> Информация </leaf>
    </root>

</lessonstree>
