<html>
    <body>
        <h2>Калькулятор подстановок</h2>
        <input type="button" value="Показать справку" onclick="showInfo()" id="show_button" style="margin-bottom: 20pt;"/>
        <div id="info" style="display: none; margin-bottom: 20pt;">
          <p>
            Здесь можно перемножать подстановки и получать обратные к подстановкам.
          </p>
          <ul >
            <li>
              Для получения обратной подстановки надо ввести подстановку и нажать кнопку "Обратная подстановка".
            </li>
            <li>
              Для получения композиции подстановок нужно ввести первую подстановку, нажать кнопку "Композиция подстановок" и ввести вторую подстановку.
              Композиция происходит так: сначала применяется первая подстановка, потом вторая.
            </li>
          </ul>
          <input type="button" value="Убрать справку" onclick="hideInfo()"/>
        </div>
        <table>
          <tr>
            <td id="permutation">
            </td>
            <td>
              <input type="button" value="Ввести" id="input_button"/>
            </td>
            <td>
              <input type="button" value="Сбросить" id="delete_button" />
            </td>
          </tr>
        </table>
        <ul style="margin: 0; padding: 2pt">
          <li style="display: inline; margin-left: 0pt">
            <input type="button" value="Обратная подстановка(-1)" id="negation_button" style="width: 130pt"/>
          </li>
          <li style="display: inline; margin-left: 0pt">
            <input type="button" value="Композиция подстановок(&#9675;)" id="composition_button" style="width: 150pt"/>
          </li>
        </ul>
        <h3>История операций</h3>
        <div id="history">

        </div>
        <script>
        // показывает справку
        function showInfo() {
          document.getElementById('info').style.display = "block";
          document.getElementById('show_button').style.display = "none";
        }
        // прячет справку
        function hideInfo() {
          document.getElementById('info').style.display = "none";
          document.getElementById('show_button').style.display = "block";
        }
        </script>
    </body>
</html>
