<html>
    <head>
      <meta http-equiv="X-UA-Compatible" content="IE=10" />
    </head>
    <body>
        <style>
            body {
                border-style:inset; border-width:1px; padding:0px 3px 0 3px; margin: 0px;
            }
        </style>
        <h2>Самосовмещения</h2>
        <div style="border-style: solid; border-width: 1px; margin-bottom: 5pt;">
          <p>
            Для вращения по горизонтали используйте <b>левую кнопку мыши</b>, а по вертикали - <b>правую кнопку мыши</b>.
            Чтобы Сбросить все повороты камеры, нажмите <b>пробел</b>.
          </p>
          <p>
            <span style="background-color: white; border-style: solid; border-width: 1pt;">n</span> - номер вершины.
          </p>
          <p>
            <span style="background-color: darkseagreen; border-style: solid; border-width: 1pt;">n</span> - номер вершины,
            которая была на этой позиции изначально.
          </p>
        </div>
        <div>
          <input type="button" value="Показать предупреждение" onclick="showAttention()" id="show_button" style="background-color: #f44256;"/>
          <div style="background-color: #f44256; border-style: solid; width: 80%; display: none;" id="attention">
            <h4>Важно!</h4>
            <p>
              Номера элементов этой группы взяты для удобства и не несут никакой информации. Вы можете их перенумеровать как вам захочется.
              Главное, чтобы вы помнили какому числу соответсвует какой номер и, исходя из этого, перемножали их.
            </p>
          </div>
          <input type="button" value="Спрятать предупреждение" onclick="hideAttention()" id="hide_button" style="display: none; margin-top: 10pt;"/>
          <script>
            // показывает справку
            function showAttention() {
              document.getElementById('attention').style.display = "block";
              document.getElementById('hide_button').style.display = "block";
              document.getElementById('show_button').style.display = "none";
            }
            // прячет справку
            function hideAttention() {
              document.getElementById('attention').style.display = "none";
              document.getElementById('show_button').style.display = "block";
              document.getElementById('hide_button').style.display = "none";
            }
        </script>
        </div>
        <div id="info">

        </div>
        <div id="buttons" style="margin-top: 10pt;">
          <div>
            <input type="button" value="Сбросить движения" id="reset_button" />
          </div>
        </div>
    </body>
</html>
